path                                                               ,last_symbol,cluster
C:\Users\Banayaki\PycharmProjects\service\test\for_identify\1.txt  ,%          ,$
C:\Users\Banayaki\PycharmProjects\service\test\for_identify\10.txt ,_          ,
C:\Users\Banayaki\PycharmProjects\service\test\for_identify\100.txt,w          ,@
C:\Users\Banayaki\PycharmProjects\service\test\for_identify\101.txt,_          ,
C:\Users\Banayaki\PycharmProjects\service\test\for_identify\102.txt,c          ,
C:\Users\Banayaki\PycharmProjects\service\test\for_identify\103.txt,q          ,@
C:\Users\Banayaki\PycharmProjects\service\test\for_identify\104.txt,8          ,8
C:\Users\Banayaki\PycharmProjects\service\test\for_identify\105.txt,7          ,7
C:\Users\Banayaki\PycharmProjects\service\test\for_identify\106.txt,j          ,@
C:\Users\Banayaki\PycharmProjects\service\test\for_identify\107.txt,@          ,@
C:\Users\Banayaki\PycharmProjects\service\test\for_identify\108.txt,1          ,1
C:\Users\Banayaki\PycharmProjects\service\test\for_identify\109.txt,T          ,@
C:\Users\Banayaki\PycharmProjects\service\test\for_identify\11.txt ,B          ,@
C:\Users\Banayaki\PycharmProjects\service\test\for_identify\110.txt,Y          ,@
C:\Users\Banayaki\PycharmProjects\service\test\for_identify\111.txt,+          ,+
C:\Users\Banayaki\PycharmProjects\service\test\for_identify\112.txt,I          ,@
C:\Users\Banayaki\PycharmProjects\service\test\for_identify\113.txt,1          ,1
C:\Users\Banayaki\PycharmProjects\service\test\for_identify\114.txt,b          ,
C:\Users\Banayaki\PycharmProjects\service\test\for_identify\115.txt,9          ,9
C:\Users\Banayaki\PycharmProjects\service\test\for_identify\116.txt,d          ,@
C:\Users\Banayaki\PycharmProjects\service\test\for_identify\117.txt,k          ,@
C:\Users\Banayaki\PycharmProjects\service\test\for_identify\118.txt,|          ,@
C:\Users\Banayaki\PycharmProjects\service\test\for_identify\119.txt,Z          ,@
C:\Users\Banayaki\PycharmProjects\service\test\for_identify\12.txt ,","        ,+
C:\Users\Banayaki\PycharmProjects\service\test\for_identify\120.txt,d          ,@
C:\Users\Banayaki\PycharmProjects\service\test\for_identify\121.txt,*          ,+
C:\Users\Banayaki\PycharmProjects\service\test\for_identify\122.txt,0          ,0
C:\Users\Banayaki\PycharmProjects\service\test\for_identify\123.txt,v          ,@
C:\Users\Banayaki\PycharmProjects\service\test\for_identify\124.txt,_          ,
C:\Users\Banayaki\PycharmProjects\service\test\for_identify\125.txt,""""       ,!
C:\Users\Banayaki\PycharmProjects\service\test\for_identify\126.txt,t          ,@
C:\Users\Banayaki\PycharmProjects\service\test\for_identify\127.txt,e          ,@
C:\Users\Banayaki\PycharmProjects\service\test\for_identify\128.txt,y          ,@
C:\Users\Banayaki\PycharmProjects\service\test\for_identify\129.txt,s          ,@
C:\Users\Banayaki\PycharmProjects\service\test\for_identify\13.txt ,q          ,@
C:\Users\Banayaki\PycharmProjects\service\test\for_identify\130.txt,z          ,@
C:\Users\Banayaki\PycharmProjects\service\test\for_identify\131.txt,-          ,.
C:\Users\Banayaki\PycharmProjects\service\test\for_identify\132.txt,X          ,@
C:\Users\Banayaki\PycharmProjects\service\test\for_identify\133.txt,=          ,=
C:\Users\Banayaki\PycharmProjects\service\test\for_identify\134.txt,7          ,@
C:\Users\Banayaki\PycharmProjects\service\test\for_identify\135.txt,E          ,@
C:\Users\Banayaki\PycharmProjects\service\test\for_identify\136.txt,""""       ,!
C:\Users\Banayaki\PycharmProjects\service\test\for_identify\137.txt,m          ,@
C:\Users\Banayaki\PycharmProjects\service\test\for_identify\138.txt,0          ,@
C:\Users\Banayaki\PycharmProjects\service\test\for_identify\139.txt,b          ,
C:\Users\Banayaki\PycharmProjects\service\test\for_identify\14.txt ,","        ,+
C:\Users\Banayaki\PycharmProjects\service\test\for_identify\140.txt,y          ,@
C:\Users\Banayaki\PycharmProjects\service\test\for_identify\141.txt,t          ,@
C:\Users\Banayaki\PycharmProjects\service\test\for_identify\142.txt,K          ,@
C:\Users\Banayaki\PycharmProjects\service\test\for_identify\143.txt,W          ,@
C:\Users\Banayaki\PycharmProjects\service\test\for_identify\144.txt,3          ,3
C:\Users\Banayaki\PycharmProjects\service\test\for_identify\145.txt,z          ,@
C:\Users\Banayaki\PycharmProjects\service\test\for_identify\146.txt,e          ,@
C:\Users\Banayaki\PycharmProjects\service\test\for_identify\147.txt,I          ,@
C:\Users\Banayaki\PycharmProjects\service\test\for_identify\148.txt,2          ,@
C:\Users\Banayaki\PycharmProjects\service\test\for_identify\149.txt,""""       ,@
C:\Users\Banayaki\PycharmProjects\service\test\for_identify\15.txt ,n          ,@
C:\Users\Banayaki\PycharmProjects\service\test\for_identify\150.txt,c          ,@
C:\Users\Banayaki\PycharmProjects\service\test\for_identify\151.txt,n          ,@
C:\Users\Banayaki\PycharmProjects\service\test\for_identify\152.txt,+          ,@
C:\Users\Banayaki\PycharmProjects\service\test\for_identify\153.txt,>          ,@
C:\Users\Banayaki\PycharmProjects\service\test\for_identify\154.txt,#          ,@
C:\Users\Banayaki\PycharmProjects\service\test\for_identify\155.txt,s          ,@
C:\Users\Banayaki\PycharmProjects\service\test\for_identify\156.txt,A          ,@
C:\Users\Banayaki\PycharmProjects\service\test\for_identify\157.txt,Y          ,@
C:\Users\Banayaki\PycharmProjects\service\test\for_identify\158.txt,/          ,@
C:\Users\Banayaki\PycharmProjects\service\test\for_identify\159.txt,`          ,
C:\Users\Banayaki\PycharmProjects\service\test\for_identify\16.txt ,F          ,@
C:\Users\Banayaki\PycharmProjects\service\test\for_identify\160.txt,n          ,@
C:\Users\Banayaki\PycharmProjects\service\test\for_identify\161.txt,:          ,@
C:\Users\Banayaki\PycharmProjects\service\test\for_identify\162.txt,(          ,@
C:\Users\Banayaki\PycharmProjects\service\test\for_identify\163.txt,:          ,@
C:\Users\Banayaki\PycharmProjects\service\test\for_identify\164.txt,G          ,@
C:\Users\Banayaki\PycharmProjects\service\test\for_identify\165.txt,F          ,@
C:\Users\Banayaki\PycharmProjects\service\test\for_identify\166.txt,3          ,@
C:\Users\Banayaki\PycharmProjects\service\test\for_identify\167.txt,.          ,@
C:\Users\Banayaki\PycharmProjects\service\test\for_identify\168.txt,e          ,@
C:\Users\Banayaki\PycharmProjects\service\test\for_identify\169.txt,@          ,
C:\Users\Banayaki\PycharmProjects\service\test\for_identify\17.txt ,6          ,
C:\Users\Banayaki\PycharmProjects\service\test\for_identify\170.txt,K          ,
C:\Users\Banayaki\PycharmProjects\service\test\for_identify\171.txt,<          ,@
C:\Users\Banayaki\PycharmProjects\service\test\for_identify\172.txt,`          ,@
C:\Users\Banayaki\PycharmProjects\service\test\for_identify\173.txt,c          ,@
C:\Users\Banayaki\PycharmProjects\service\test\for_identify\174.txt,2          ,@
C:\Users\Banayaki\PycharmProjects\service\test\for_identify\175.txt,K          ,@
C:\Users\Banayaki\PycharmProjects\service\test\for_identify\176.txt,z          ,@
C:\Users\Banayaki\PycharmProjects\service\test\for_identify\177.txt,B          ,@
C:\Users\Banayaki\PycharmProjects\service\test\for_identify\178.txt,`          ,@
C:\Users\Banayaki\PycharmProjects\service\test\for_identify\179.txt,(          ,(
C:\Users\Banayaki\PycharmProjects\service\test\for_identify\18.txt ,i          ,@
C:\Users\Banayaki\PycharmProjects\service\test\for_identify\180.txt,@          ,@
C:\Users\Banayaki\PycharmProjects\service\test\for_identify\181.txt,N          ,@
C:\Users\Banayaki\PycharmProjects\service\test\for_identify\182.txt,$          ,@
C:\Users\Banayaki\PycharmProjects\service\test\for_identify\183.txt,n          ,@
C:\Users\Banayaki\PycharmProjects\service\test\for_identify\184.txt,B          ,@
C:\Users\Banayaki\PycharmProjects\service\test\for_identify\185.txt,x          ,@
C:\Users\Banayaki\PycharmProjects\service\test\for_identify\186.txt,&          ,$
C:\Users\Banayaki\PycharmProjects\service\test\for_identify\187.txt,w          ,@
C:\Users\Banayaki\PycharmProjects\service\test\for_identify\188.txt,e          ,^
C:\Users\Banayaki\PycharmProjects\service\test\for_identify\189.txt,P          ,^
C:\Users\Banayaki\PycharmProjects\service\test\for_identify\19.txt ,@          ,@
C:\Users\Banayaki\PycharmProjects\service\test\for_identify\190.txt,i          ,@
C:\Users\Banayaki\PycharmProjects\service\test\for_identify\191.txt,o          ,@
C:\Users\Banayaki\PycharmProjects\service\test\for_identify\192.txt,""""       ,!
C:\Users\Banayaki\PycharmProjects\service\test\for_identify\193.txt,S          ,^
C:\Users\Banayaki\PycharmProjects\service\test\for_identify\194.txt,s          ,@
C:\Users\Banayaki\PycharmProjects\service\test\for_identify\195.txt,o          ,@
C:\Users\Banayaki\PycharmProjects\service\test\for_identify\196.txt,?          ,@
C:\Users\Banayaki\PycharmProjects\service\test\for_identify\197.txt,:          ,:
C:\Users\Banayaki\PycharmProjects\service\test\for_identify\198.txt,D          ,@
C:\Users\Banayaki\PycharmProjects\service\test\for_identify\199.txt,D          ,@
C:\Users\Banayaki\PycharmProjects\service\test\for_identify\2.txt  ,2          ,2
C:\Users\Banayaki\PycharmProjects\service\test\for_identify\20.txt ,|          ,@
C:\Users\Banayaki\PycharmProjects\service\test\for_identify\200.txt,*          ,+
C:\Users\Banayaki\PycharmProjects\service\test\for_identify\201.txt,L          ,@
C:\Users\Banayaki\PycharmProjects\service\test\for_identify\202.txt,|          ,@
C:\Users\Banayaki\PycharmProjects\service\test\for_identify\203.txt,C          ,@
C:\Users\Banayaki\PycharmProjects\service\test\for_identify\204.txt,M          ,@
C:\Users\Banayaki\PycharmProjects\service\test\for_identify\205.txt,`          ,^
C:\Users\Banayaki\PycharmProjects\service\test\for_identify\206.txt,=          ,=
C:\Users\Banayaki\PycharmProjects\service\test\for_identify\207.txt,d          ,^
C:\Users\Banayaki\PycharmProjects\service\test\for_identify\208.txt,n          ,@
C:\Users\Banayaki\PycharmProjects\service\test\for_identify\209.txt,?          ,@
C:\Users\Banayaki\PycharmProjects\service\test\for_identify\21.txt ,g          ,@
C:\Users\Banayaki\PycharmProjects\service\test\for_identify\210.txt,>          ,=
C:\Users\Banayaki\PycharmProjects\service\test\for_identify\211.txt,B          ,@
C:\Users\Banayaki\PycharmProjects\service\test\for_identify\212.txt,9          ,9
C:\Users\Banayaki\PycharmProjects\service\test\for_identify\213.txt,w          ,@
C:\Users\Banayaki\PycharmProjects\service\test\for_identify\214.txt,{          ,@
C:\Users\Banayaki\PycharmProjects\service\test\for_identify\215.txt,n          ,@
C:\Users\Banayaki\PycharmProjects\service\test\for_identify\216.txt,-          ,.
C:\Users\Banayaki\PycharmProjects\service\test\for_identify\217.txt,L          ,@
C:\Users\Banayaki\PycharmProjects\service\test\for_identify\218.txt,V          ,^
C:\Users\Banayaki\PycharmProjects\service\test\for_identify\219.txt,q          ,@
C:\Users\Banayaki\PycharmProjects\service\test\for_identify\22.txt ,b          ,^
C:\Users\Banayaki\PycharmProjects\service\test\for_identify\220.txt,F          ,@
C:\Users\Banayaki\PycharmProjects\service\test\for_identify\221.txt,3          ,3
C:\Users\Banayaki\PycharmProjects\service\test\for_identify\222.txt,-          ,.
C:\Users\Banayaki\PycharmProjects\service\test\for_identify\223.txt,h          ,@
C:\Users\Banayaki\PycharmProjects\service\test\for_identify\224.txt,O          ,^
C:\Users\Banayaki\PycharmProjects\service\test\for_identify\225.txt,1          ,1
C:\Users\Banayaki\PycharmProjects\service\test\for_identify\226.txt,>          ,=
C:\Users\Banayaki\PycharmProjects\service\test\for_identify\227.txt,T          ,^
C:\Users\Banayaki\PycharmProjects\service\test\for_identify\228.txt,H          ,@
C:\Users\Banayaki\PycharmProjects\service\test\for_identify\229.txt,4          ,4
C:\Users\Banayaki\PycharmProjects\service\test\for_identify\23.txt ,@          ,@
C:\Users\Banayaki\PycharmProjects\service\test\for_identify\230.txt,i          ,@
C:\Users\Banayaki\PycharmProjects\service\test\for_identify\231.txt,P          ,^
C:\Users\Banayaki\PycharmProjects\service\test\for_identify\232.txt,{          ,@
C:\Users\Banayaki\PycharmProjects\service\test\for_identify\233.txt,&          ,$
C:\Users\Banayaki\PycharmProjects\service\test\for_identify\234.txt,","        ,+
C:\Users\Banayaki\PycharmProjects\service\test\for_identify\235.txt,\          ,^
C:\Users\Banayaki\PycharmProjects\service\test\for_identify\236.txt,a          ,^
C:\Users\Banayaki\PycharmProjects\service\test\for_identify\237.txt,Z          ,^
C:\Users\Banayaki\PycharmProjects\service\test\for_identify\238.txt,N          ,@
C:\Users\Banayaki\PycharmProjects\service\test\for_identify\239.txt,*          ,+
C:\Users\Banayaki\PycharmProjects\service\test\for_identify\24.txt ,Y          ,^
C:\Users\Banayaki\PycharmProjects\service\test\for_identify\240.txt,=          ,=
C:\Users\Banayaki\PycharmProjects\service\test\for_identify\241.txt,;          ,:
C:\Users\Banayaki\PycharmProjects\service\test\for_identify\242.txt,$          ,$
C:\Users\Banayaki\PycharmProjects\service\test\for_identify\243.txt,l          ,@
C:\Users\Banayaki\PycharmProjects\service\test\for_identify\244.txt,i          ,@
C:\Users\Banayaki\PycharmProjects\service\test\for_identify\245.txt,g          ,@
C:\Users\Banayaki\PycharmProjects\service\test\for_identify\246.txt,}          ,~
C:\Users\Banayaki\PycharmProjects\service\test\for_identify\247.txt,J          ,@
C:\Users\Banayaki\PycharmProjects\service\test\for_identify\248.txt,O          ,^
C:\Users\Banayaki\PycharmProjects\service\test\for_identify\249.txt,B          ,@
C:\Users\Banayaki\PycharmProjects\service\test\for_identify\25.txt ,`          ,^
C:\Users\Banayaki\PycharmProjects\service\test\for_identify\250.txt,Z          ,^
C:\Users\Banayaki\PycharmProjects\service\test\for_identify\251.txt,@          ,@
C:\Users\Banayaki\PycharmProjects\service\test\for_identify\252.txt,|          ,@
C:\Users\Banayaki\PycharmProjects\service\test\for_identify\253.txt,\          ,^
C:\Users\Banayaki\PycharmProjects\service\test\for_identify\254.txt,{          ,@
C:\Users\Banayaki\PycharmProjects\service\test\for_identify\255.txt,[          ,^
C:\Users\Banayaki\PycharmProjects\service\test\for_identify\256.txt,u          ,@
C:\Users\Banayaki\PycharmProjects\service\test\for_identify\257.txt,m          ,@
C:\Users\Banayaki\PycharmProjects\service\test\for_identify\258.txt,1          ,1
C:\Users\Banayaki\PycharmProjects\service\test\for_identify\259.txt,)          ,(
C:\Users\Banayaki\PycharmProjects\service\test\for_identify\26.txt ,*          ,+
C:\Users\Banayaki\PycharmProjects\service\test\for_identify\260.txt,~          ,~
C:\Users\Banayaki\PycharmProjects\service\test\for_identify\261.txt,'          ,(
C:\Users\Banayaki\PycharmProjects\service\test\for_identify\262.txt,[          ,^
C:\Users\Banayaki\PycharmProjects\service\test\for_identify\263.txt,T          ,^
C:\Users\Banayaki\PycharmProjects\service\test\for_identify\264.txt,_          ,^
C:\Users\Banayaki\PycharmProjects\service\test\for_identify\265.txt,&          ,$
C:\Users\Banayaki\PycharmProjects\service\test\for_identify\266.txt,v          ,@
C:\Users\Banayaki\PycharmProjects\service\test\for_identify\267.txt,'          ,(
C:\Users\Banayaki\PycharmProjects\service\test\for_identify\268.txt,-          ,.
C:\Users\Banayaki\PycharmProjects\service\test\for_identify\269.txt,`          ,^
C:\Users\Banayaki\PycharmProjects\service\test\for_identify\27.txt ,?          ,@
C:\Users\Banayaki\PycharmProjects\service\test\for_identify\270.txt,C          ,@
C:\Users\Banayaki\PycharmProjects\service\test\for_identify\271.txt,P          ,^
C:\Users\Banayaki\PycharmProjects\service\test\for_identify\272.txt,k          ,@
C:\Users\Banayaki\PycharmProjects\service\test\for_identify\273.txt,6          ,6
C:\Users\Banayaki\PycharmProjects\service\test\for_identify\274.txt,b          ,^
C:\Users\Banayaki\PycharmProjects\service\test\for_identify\275.txt,l          ,@
C:\Users\Banayaki\PycharmProjects\service\test\for_identify\276.txt,O          ,^
C:\Users\Banayaki\PycharmProjects\service\test\for_identify\277.txt,p          ,@
C:\Users\Banayaki\PycharmProjects\service\test\for_identify\278.txt,&          ,$
C:\Users\Banayaki\PycharmProjects\service\test\for_identify\279.txt,u          ,@
C:\Users\Banayaki\PycharmProjects\service\test\for_identify\28.txt ,Y          ,^
C:\Users\Banayaki\PycharmProjects\service\test\for_identify\280.txt,O          ,^
C:\Users\Banayaki\PycharmProjects\service\test\for_identify\281.txt,C          ,@
C:\Users\Banayaki\PycharmProjects\service\test\for_identify\282.txt,L          ,@
C:\Users\Banayaki\PycharmProjects\service\test\for_identify\283.txt,K          ,@
C:\Users\Banayaki\PycharmProjects\service\test\for_identify\284.txt,C          ,@
C:\Users\Banayaki\PycharmProjects\service\test\for_identify\285.txt,V          ,^
C:\Users\Banayaki\PycharmProjects\service\test\for_identify\286.txt,u          ,@
C:\Users\Banayaki\PycharmProjects\service\test\for_identify\287.txt,""""       ,!
C:\Users\Banayaki\PycharmProjects\service\test\for_identify\288.txt,l          ,@
C:\Users\Banayaki\PycharmProjects\service\test\for_identify\289.txt,J          ,@
C:\Users\Banayaki\PycharmProjects\service\test\for_identify\29.txt ,b          ,^
C:\Users\Banayaki\PycharmProjects\service\test\for_identify\290.txt,b          ,^
C:\Users\Banayaki\PycharmProjects\service\test\for_identify\291.txt,+          ,+
C:\Users\Banayaki\PycharmProjects\service\test\for_identify\292.txt,!          ,!
C:\Users\Banayaki\PycharmProjects\service\test\for_identify\293.txt,5          ,5
C:\Users\Banayaki\PycharmProjects\service\test\for_identify\294.txt,3          ,3
C:\Users\Banayaki\PycharmProjects\service\test\for_identify\295.txt,6          ,6
C:\Users\Banayaki\PycharmProjects\service\test\for_identify\296.txt,D          ,@
C:\Users\Banayaki\PycharmProjects\service\test\for_identify\297.txt,v          ,@
C:\Users\Banayaki\PycharmProjects\service\test\for_identify\298.txt,m          ,@
C:\Users\Banayaki\PycharmProjects\service\test\for_identify\299.txt,P          ,^
C:\Users\Banayaki\PycharmProjects\service\test\for_identify\3.txt  ,Q          ,^
C:\Users\Banayaki\PycharmProjects\service\test\for_identify\30.txt ,""""       ,!
C:\Users\Banayaki\PycharmProjects\service\test\for_identify\300.txt,1          ,1
C:\Users\Banayaki\PycharmProjects\service\test\for_identify\301.txt,j          ,@
C:\Users\Banayaki\PycharmProjects\service\test\for_identify\302.txt,L          ,@
C:\Users\Banayaki\PycharmProjects\service\test\for_identify\303.txt,g          ,@
C:\Users\Banayaki\PycharmProjects\service\test\for_identify\304.txt,G          ,@
C:\Users\Banayaki\PycharmProjects\service\test\for_identify\305.txt,:          ,:
C:\Users\Banayaki\PycharmProjects\service\test\for_identify\306.txt,""""       ,!
C:\Users\Banayaki\PycharmProjects\service\test\for_identify\307.txt,&          ,$
C:\Users\Banayaki\PycharmProjects\service\test\for_identify\308.txt,c          ,^
C:\Users\Banayaki\PycharmProjects\service\test\for_identify\309.txt,m          ,@
C:\Users\Banayaki\PycharmProjects\service\test\for_identify\31.txt ,Y          ,^
C:\Users\Banayaki\PycharmProjects\service\test\for_identify\310.txt,&          ,$
C:\Users\Banayaki\PycharmProjects\service\test\for_identify\311.txt,e          ,^
C:\Users\Banayaki\PycharmProjects\service\test\for_identify\312.txt,""""       ,!
C:\Users\Banayaki\PycharmProjects\service\test\for_identify\313.txt,'          ,(
C:\Users\Banayaki\PycharmProjects\service\test\for_identify\314.txt,H          ,@
C:\Users\Banayaki\PycharmProjects\service\test\for_identify\315.txt,a          ,^
C:\Users\Banayaki\PycharmProjects\service\test\for_identify\316.txt,'          ,(
C:\Users\Banayaki\PycharmProjects\service\test\for_identify\317.txt,","        ,+
C:\Users\Banayaki\PycharmProjects\service\test\for_identify\318.txt,b          ,^
C:\Users\Banayaki\PycharmProjects\service\test\for_identify\319.txt,C          ,@
C:\Users\Banayaki\PycharmProjects\service\test\for_identify\32.txt ,+          ,+
C:\Users\Banayaki\PycharmProjects\service\test\for_identify\320.txt,<          ,=
C:\Users\Banayaki\PycharmProjects\service\test\for_identify\321.txt,V          ,^
C:\Users\Banayaki\PycharmProjects\service\test\for_identify\322.txt,p          ,@
C:\Users\Banayaki\PycharmProjects\service\test\for_identify\323.txt,h          ,@
C:\Users\Banayaki\PycharmProjects\service\test\for_identify\324.txt,g          ,@
C:\Users\Banayaki\PycharmProjects\service\test\for_identify\325.txt,.          ,.
C:\Users\Banayaki\PycharmProjects\service\test\for_identify\326.txt,e          ,^
C:\Users\Banayaki\PycharmProjects\service\test\for_identify\327.txt,U          ,^
C:\Users\Banayaki\PycharmProjects\service\test\for_identify\328.txt,H          ,@
C:\Users\Banayaki\PycharmProjects\service\test\for_identify\329.txt,W          ,^
C:\Users\Banayaki\PycharmProjects\service\test\for_identify\33.txt ,S          ,^
C:\Users\Banayaki\PycharmProjects\service\test\for_identify\330.txt,V          ,^
C:\Users\Banayaki\PycharmProjects\service\test\for_identify\331.txt,[          ,^
C:\Users\Banayaki\PycharmProjects\service\test\for_identify\332.txt,p          ,@
C:\Users\Banayaki\PycharmProjects\service\test\for_identify\333.txt,>          ,=
C:\Users\Banayaki\PycharmProjects\service\test\for_identify\334.txt,2          ,2
C:\Users\Banayaki\PycharmProjects\service\test\for_identify\335.txt,k          ,@
C:\Users\Banayaki\PycharmProjects\service\test\for_identify\336.txt,Z          ,^
C:\Users\Banayaki\PycharmProjects\service\test\for_identify\337.txt,}          ,~
C:\Users\Banayaki\PycharmProjects\service\test\for_identify\338.txt,d          ,^
C:\Users\Banayaki\PycharmProjects\service\test\for_identify\339.txt,`          ,^
C:\Users\Banayaki\PycharmProjects\service\test\for_identify\34.txt ,\          ,^
C:\Users\Banayaki\PycharmProjects\service\test\for_identify\340.txt,$          ,$
C:\Users\Banayaki\PycharmProjects\service\test\for_identify\341.txt,~          ,~
C:\Users\Banayaki\PycharmProjects\service\test\for_identify\342.txt,6          ,6
C:\Users\Banayaki\PycharmProjects\service\test\for_identify\343.txt,I          ,@
C:\Users\Banayaki\PycharmProjects\service\test\for_identify\344.txt,%          ,$
C:\Users\Banayaki\PycharmProjects\service\test\for_identify\345.txt,2          ,2
C:\Users\Banayaki\PycharmProjects\service\test\for_identify\346.txt,-          ,.
C:\Users\Banayaki\PycharmProjects\service\test\for_identify\347.txt,^          ,^
C:\Users\Banayaki\PycharmProjects\service\test\for_identify\348.txt,(          ,(
C:\Users\Banayaki\PycharmProjects\service\test\for_identify\349.txt,{          ,@
C:\Users\Banayaki\PycharmProjects\service\test\for_identify\35.txt ,E          ,@
C:\Users\Banayaki\PycharmProjects\service\test\for_identify\350.txt,v          ,@
C:\Users\Banayaki\PycharmProjects\service\test\for_identify\351.txt,e          ,^
C:\Users\Banayaki\PycharmProjects\service\test\for_identify\352.txt,y          ,@
C:\Users\Banayaki\PycharmProjects\service\test\for_identify\353.txt,P          ,^
C:\Users\Banayaki\PycharmProjects\service\test\for_identify\354.txt,.          ,.
C:\Users\Banayaki\PycharmProjects\service\test\for_identify\355.txt,c          ,^
C:\Users\Banayaki\PycharmProjects\service\test\for_identify\356.txt,~          ,~
C:\Users\Banayaki\PycharmProjects\service\test\for_identify\357.txt,C          ,@
C:\Users\Banayaki\PycharmProjects\service\test\for_identify\358.txt,G          ,@
C:\Users\Banayaki\PycharmProjects\service\test\for_identify\359.txt,j          ,@
C:\Users\Banayaki\PycharmProjects\service\test\for_identify\36.txt ,9          ,9
C:\Users\Banayaki\PycharmProjects\service\test\for_identify\360.txt,$          ,$
C:\Users\Banayaki\PycharmProjects\service\test\for_identify\361.txt,\          ,^
C:\Users\Banayaki\PycharmProjects\service\test\for_identify\362.txt,","        ,+
C:\Users\Banayaki\PycharmProjects\service\test\for_identify\363.txt,-          ,.
C:\Users\Banayaki\PycharmProjects\service\test\for_identify\364.txt,<          ,=
C:\Users\Banayaki\PycharmProjects\service\test\for_identify\365.txt,S          ,^
C:\Users\Banayaki\PycharmProjects\service\test\for_identify\366.txt,_          ,^
C:\Users\Banayaki\PycharmProjects\service\test\for_identify\367.txt,x          ,@
C:\Users\Banayaki\PycharmProjects\service\test\for_identify\368.txt,i          ,@
C:\Users\Banayaki\PycharmProjects\service\test\for_identify\369.txt,B          ,@
C:\Users\Banayaki\PycharmProjects\service\test\for_identify\37.txt ,y          ,@
C:\Users\Banayaki\PycharmProjects\service\test\for_identify\370.txt,N          ,@
C:\Users\Banayaki\PycharmProjects\service\test\for_identify\371.txt,7          ,7
C:\Users\Banayaki\PycharmProjects\service\test\for_identify\372.txt,P          ,^
C:\Users\Banayaki\PycharmProjects\service\test\for_identify\373.txt,>          ,=
C:\Users\Banayaki\PycharmProjects\service\test\for_identify\374.txt,$          ,$
C:\Users\Banayaki\PycharmProjects\service\test\for_identify\375.txt,%          ,$
C:\Users\Banayaki\PycharmProjects\service\test\for_identify\376.txt,T          ,^
C:\Users\Banayaki\PycharmProjects\service\test\for_identify\377.txt,m          ,@
C:\Users\Banayaki\PycharmProjects\service\test\for_identify\378.txt,i          ,@
C:\Users\Banayaki\PycharmProjects\service\test\for_identify\379.txt,X          ,^
C:\Users\Banayaki\PycharmProjects\service\test\for_identify\38.txt ,$          ,$
C:\Users\Banayaki\PycharmProjects\service\test\for_identify\380.txt,C          ,@
C:\Users\Banayaki\PycharmProjects\service\test\for_identify\381.txt,""""       ,!
C:\Users\Banayaki\PycharmProjects\service\test\for_identify\382.txt,6          ,6
C:\Users\Banayaki\PycharmProjects\service\test\for_identify\383.txt,?          ,@
C:\Users\Banayaki\PycharmProjects\service\test\for_identify\384.txt,D          ,@
C:\Users\Banayaki\PycharmProjects\service\test\for_identify\385.txt,1          ,1
C:\Users\Banayaki\PycharmProjects\service\test\for_identify\386.txt,V          ,^
C:\Users\Banayaki\PycharmProjects\service\test\for_identify\387.txt,","        ,+
C:\Users\Banayaki\PycharmProjects\service\test\for_identify\388.txt,<          ,=
C:\Users\Banayaki\PycharmProjects\service\test\for_identify\389.txt,s          ,@
C:\Users\Banayaki\PycharmProjects\service\test\for_identify\39.txt ,z          ,@
C:\Users\Banayaki\PycharmProjects\service\test\for_identify\390.txt,_          ,^
C:\Users\Banayaki\PycharmProjects\service\test\for_identify\391.txt,(          ,(
C:\Users\Banayaki\PycharmProjects\service\test\for_identify\392.txt,6          ,6
C:\Users\Banayaki\PycharmProjects\service\test\for_identify\393.txt,c          ,^
C:\Users\Banayaki\PycharmProjects\service\test\for_identify\394.txt,u          ,@
C:\Users\Banayaki\PycharmProjects\service\test\for_identify\395.txt,s          ,@
C:\Users\Banayaki\PycharmProjects\service\test\for_identify\396.txt,","        ,+
C:\Users\Banayaki\PycharmProjects\service\test\for_identify\397.txt,!          ,!
C:\Users\Banayaki\PycharmProjects\service\test\for_identify\398.txt,q          ,@
C:\Users\Banayaki\PycharmProjects\service\test\for_identify\399.txt,V          ,^
C:\Users\Banayaki\PycharmProjects\service\test\for_identify\4.txt  ,T          ,^
C:\Users\Banayaki\PycharmProjects\service\test\for_identify\40.txt ,g          ,@
C:\Users\Banayaki\PycharmProjects\service\test\for_identify\400.txt,i          ,@
C:\Users\Banayaki\PycharmProjects\service\test\for_identify\401.txt,=          ,=
C:\Users\Banayaki\PycharmProjects\service\test\for_identify\402.txt,R          ,^
C:\Users\Banayaki\PycharmProjects\service\test\for_identify\403.txt,|          ,@
C:\Users\Banayaki\PycharmProjects\service\test\for_identify\404.txt,""""       ,!
C:\Users\Banayaki\PycharmProjects\service\test\for_identify\405.txt,4          ,4
C:\Users\Banayaki\PycharmProjects\service\test\for_identify\406.txt,Z          ,^
C:\Users\Banayaki\PycharmProjects\service\test\for_identify\407.txt,^          ,^
C:\Users\Banayaki\PycharmProjects\service\test\for_identify\408.txt,0          ,0
C:\Users\Banayaki\PycharmProjects\service\test\for_identify\409.txt,+          ,+
C:\Users\Banayaki\PycharmProjects\service\test\for_identify\41.txt ,3          ,3
C:\Users\Banayaki\PycharmProjects\service\test\for_identify\410.txt,i          ,@
C:\Users\Banayaki\PycharmProjects\service\test\for_identify\411.txt,w          ,@
C:\Users\Banayaki\PycharmProjects\service\test\for_identify\412.txt,R          ,^
C:\Users\Banayaki\PycharmProjects\service\test\for_identify\413.txt,p          ,@
C:\Users\Banayaki\PycharmProjects\service\test\for_identify\414.txt,""""       ,!
C:\Users\Banayaki\PycharmProjects\service\test\for_identify\415.txt,}          ,~
C:\Users\Banayaki\PycharmProjects\service\test\for_identify\416.txt,^          ,^
C:\Users\Banayaki\PycharmProjects\service\test\for_identify\417.txt,+          ,+
C:\Users\Banayaki\PycharmProjects\service\test\for_identify\418.txt,R          ,^
C:\Users\Banayaki\PycharmProjects\service\test\for_identify\419.txt,}          ,~
C:\Users\Banayaki\PycharmProjects\service\test\for_identify\42.txt ,X          ,^
C:\Users\Banayaki\PycharmProjects\service\test\for_identify\420.txt,""""       ,!
C:\Users\Banayaki\PycharmProjects\service\test\for_identify\421.txt,|          ,@
C:\Users\Banayaki\PycharmProjects\service\test\for_identify\422.txt,&          ,$
C:\Users\Banayaki\PycharmProjects\service\test\for_identify\423.txt,T          ,^
C:\Users\Banayaki\PycharmProjects\service\test\for_identify\424.txt,~          ,~
C:\Users\Banayaki\PycharmProjects\service\test\for_identify\425.txt,x          ,@
C:\Users\Banayaki\PycharmProjects\service\test\for_identify\426.txt,|          ,@
C:\Users\Banayaki\PycharmProjects\service\test\for_identify\427.txt,m          ,@
C:\Users\Banayaki\PycharmProjects\service\test\for_identify\428.txt,z          ,@
C:\Users\Banayaki\PycharmProjects\service\test\for_identify\429.txt,d          ,^
C:\Users\Banayaki\PycharmProjects\service\test\for_identify\43.txt ,&          ,$
C:\Users\Banayaki\PycharmProjects\service\test\for_identify\430.txt,$          ,$
C:\Users\Banayaki\PycharmProjects\service\test\for_identify\431.txt,7          ,7
C:\Users\Banayaki\PycharmProjects\service\test\for_identify\432.txt,u          ,@
C:\Users\Banayaki\PycharmProjects\service\test\for_identify\433.txt,[          ,^
C:\Users\Banayaki\PycharmProjects\service\test\for_identify\434.txt,p          ,@
C:\Users\Banayaki\PycharmProjects\service\test\for_identify\435.txt,h          ,@
C:\Users\Banayaki\PycharmProjects\service\test\for_identify\436.txt,c          ,^
C:\Users\Banayaki\PycharmProjects\service\test\for_identify\437.txt,1          ,1
C:\Users\Banayaki\PycharmProjects\service\test\for_identify\438.txt,j          ,@
C:\Users\Banayaki\PycharmProjects\service\test\for_identify\439.txt,O          ,^
C:\Users\Banayaki\PycharmProjects\service\test\for_identify\44.txt ,&          ,$
C:\Users\Banayaki\PycharmProjects\service\test\for_identify\440.txt,3          ,3
C:\Users\Banayaki\PycharmProjects\service\test\for_identify\441.txt,}          ,~
C:\Users\Banayaki\PycharmProjects\service\test\for_identify\442.txt,W          ,^
C:\Users\Banayaki\PycharmProjects\service\test\for_identify\443.txt,x          ,@
C:\Users\Banayaki\PycharmProjects\service\test\for_identify\444.txt,[          ,^
C:\Users\Banayaki\PycharmProjects\service\test\for_identify\445.txt,P          ,^
C:\Users\Banayaki\PycharmProjects\service\test\for_identify\446.txt,h          ,@
C:\Users\Banayaki\PycharmProjects\service\test\for_identify\447.txt,`          ,^
C:\Users\Banayaki\PycharmProjects\service\test\for_identify\448.txt,~          ,~
C:\Users\Banayaki\PycharmProjects\service\test\for_identify\449.txt,*          ,+
C:\Users\Banayaki\PycharmProjects\service\test\for_identify\45.txt ,'          ,(
C:\Users\Banayaki\PycharmProjects\service\test\for_identify\450.txt,E          ,@
C:\Users\Banayaki\PycharmProjects\service\test\for_identify\451.txt,V          ,^
C:\Users\Banayaki\PycharmProjects\service\test\for_identify\452.txt,>          ,=
C:\Users\Banayaki\PycharmProjects\service\test\for_identify\453.txt,x          ,@
C:\Users\Banayaki\PycharmProjects\service\test\for_identify\454.txt,/          ,.
C:\Users\Banayaki\PycharmProjects\service\test\for_identify\455.txt,m          ,@
C:\Users\Banayaki\PycharmProjects\service\test\for_identify\456.txt,""""       ,!
C:\Users\Banayaki\PycharmProjects\service\test\for_identify\457.txt,v          ,@
C:\Users\Banayaki\PycharmProjects\service\test\for_identify\458.txt,z          ,@
C:\Users\Banayaki\PycharmProjects\service\test\for_identify\459.txt,[          ,^
C:\Users\Banayaki\PycharmProjects\service\test\for_identify\46.txt ,G          ,@
C:\Users\Banayaki\PycharmProjects\service\test\for_identify\460.txt,.          ,.
C:\Users\Banayaki\PycharmProjects\service\test\for_identify\461.txt,x          ,@
C:\Users\Banayaki\PycharmProjects\service\test\for_identify\462.txt,t          ,@
C:\Users\Banayaki\PycharmProjects\service\test\for_identify\463.txt,n          ,@
C:\Users\Banayaki\PycharmProjects\service\test\for_identify\464.txt,4          ,4
C:\Users\Banayaki\PycharmProjects\service\test\for_identify\465.txt,|          ,@
C:\Users\Banayaki\PycharmProjects\service\test\for_identify\466.txt,q          ,@
C:\Users\Banayaki\PycharmProjects\service\test\for_identify\467.txt,C          ,@
C:\Users\Banayaki\PycharmProjects\service\test\for_identify\468.txt,S          ,^
C:\Users\Banayaki\PycharmProjects\service\test\for_identify\469.txt,N          ,@
C:\Users\Banayaki\PycharmProjects\service\test\for_identify\47.txt ,X          ,^
C:\Users\Banayaki\PycharmProjects\service\test\for_identify\470.txt,o          ,@
C:\Users\Banayaki\PycharmProjects\service\test\for_identify\471.txt,p          ,@
C:\Users\Banayaki\PycharmProjects\service\test\for_identify\472.txt,0          ,0
C:\Users\Banayaki\PycharmProjects\service\test\for_identify\473.txt,3          ,3
C:\Users\Banayaki\PycharmProjects\service\test\for_identify\474.txt,h          ,@
C:\Users\Banayaki\PycharmProjects\service\test\for_identify\475.txt,3          ,3
C:\Users\Banayaki\PycharmProjects\service\test\for_identify\476.txt,B          ,@
C:\Users\Banayaki\PycharmProjects\service\test\for_identify\477.txt,$          ,$
C:\Users\Banayaki\PycharmProjects\service\test\for_identify\478.txt,3          ,3
C:\Users\Banayaki\PycharmProjects\service\test\for_identify\479.txt,+          ,+
C:\Users\Banayaki\PycharmProjects\service\test\for_identify\48.txt ,O          ,^
C:\Users\Banayaki\PycharmProjects\service\test\for_identify\480.txt,F          ,@
C:\Users\Banayaki\PycharmProjects\service\test\for_identify\481.txt,K          ,@
C:\Users\Banayaki\PycharmProjects\service\test\for_identify\482.txt,1          ,1
C:\Users\Banayaki\PycharmProjects\service\test\for_identify\483.txt,\          ,^
C:\Users\Banayaki\PycharmProjects\service\test\for_identify\484.txt,&          ,$
C:\Users\Banayaki\PycharmProjects\service\test\for_identify\485.txt,B          ,@
C:\Users\Banayaki\PycharmProjects\service\test\for_identify\486.txt,Z          ,^
C:\Users\Banayaki\PycharmProjects\service\test\for_identify\487.txt,b          ,^
C:\Users\Banayaki\PycharmProjects\service\test\for_identify\488.txt,g          ,@
C:\Users\Banayaki\PycharmProjects\service\test\for_identify\489.txt,g          ,@
C:\Users\Banayaki\PycharmProjects\service\test\for_identify\49.txt ,h          ,@
C:\Users\Banayaki\PycharmProjects\service\test\for_identify\490.txt,4          ,4
C:\Users\Banayaki\PycharmProjects\service\test\for_identify\491.txt,)          ,(
C:\Users\Banayaki\PycharmProjects\service\test\for_identify\492.txt,[          ,^
C:\Users\Banayaki\PycharmProjects\service\test\for_identify\493.txt,g          ,@
C:\Users\Banayaki\PycharmProjects\service\test\for_identify\494.txt,*          ,+
C:\Users\Banayaki\PycharmProjects\service\test\for_identify\495.txt,L          ,@
C:\Users\Banayaki\PycharmProjects\service\test\for_identify\496.txt,V          ,^
C:\Users\Banayaki\PycharmProjects\service\test\for_identify\497.txt,^          ,^
C:\Users\Banayaki\PycharmProjects\service\test\for_identify\498.txt,^          ,^
C:\Users\Banayaki\PycharmProjects\service\test\for_identify\499.txt,l          ,@
C:\Users\Banayaki\PycharmProjects\service\test\for_identify\5.txt  ,n          ,@
C:\Users\Banayaki\PycharmProjects\service\test\for_identify\50.txt ,#          ,$
C:\Users\Banayaki\PycharmProjects\service\test\for_identify\500.txt,#          ,$
C:\Users\Banayaki\PycharmProjects\service\test\for_identify\501.txt,D          ,@
C:\Users\Banayaki\PycharmProjects\service\test\for_identify\502.txt,U          ,^
C:\Users\Banayaki\PycharmProjects\service\test\for_identify\503.txt,;          ,:
C:\Users\Banayaki\PycharmProjects\service\test\for_identify\504.txt,d          ,^
C:\Users\Banayaki\PycharmProjects\service\test\for_identify\505.txt,=          ,=
C:\Users\Banayaki\PycharmProjects\service\test\for_identify\506.txt,5          ,5
C:\Users\Banayaki\PycharmProjects\service\test\for_identify\507.txt,]          ,^
C:\Users\Banayaki\PycharmProjects\service\test\for_identify\508.txt,b          ,^
C:\Users\Banayaki\PycharmProjects\service\test\for_identify\509.txt,\          ,^
C:\Users\Banayaki\PycharmProjects\service\test\for_identify\51.txt ,8          ,8
C:\Users\Banayaki\PycharmProjects\service\test\for_identify\510.txt,I          ,@
C:\Users\Banayaki\PycharmProjects\service\test\for_identify\511.txt,T          ,^
C:\Users\Banayaki\PycharmProjects\service\test\for_identify\512.txt,*          ,+
C:\Users\Banayaki\PycharmProjects\service\test\for_identify\513.txt,-          ,.
C:\Users\Banayaki\PycharmProjects\service\test\for_identify\514.txt,\          ,^
C:\Users\Banayaki\PycharmProjects\service\test\for_identify\515.txt,|          ,@
C:\Users\Banayaki\PycharmProjects\service\test\for_identify\516.txt,J          ,@
C:\Users\Banayaki\PycharmProjects\service\test\for_identify\517.txt,b          ,^
C:\Users\Banayaki\PycharmProjects\service\test\for_identify\518.txt,1          ,1
C:\Users\Banayaki\PycharmProjects\service\test\for_identify\519.txt,|          ,@
C:\Users\Banayaki\PycharmProjects\service\test\for_identify\52.txt ,V          ,^
C:\Users\Banayaki\PycharmProjects\service\test\for_identify\520.txt,""""       ,!
C:\Users\Banayaki\PycharmProjects\service\test\for_identify\521.txt,I          ,@
C:\Users\Banayaki\PycharmProjects\service\test\for_identify\522.txt,f          ,^
C:\Users\Banayaki\PycharmProjects\service\test\for_identify\523.txt,V          ,^
C:\Users\Banayaki\PycharmProjects\service\test\for_identify\524.txt,3          ,3
C:\Users\Banayaki\PycharmProjects\service\test\for_identify\525.txt,l          ,@
C:\Users\Banayaki\PycharmProjects\service\test\for_identify\526.txt,z          ,@
C:\Users\Banayaki\PycharmProjects\service\test\for_identify\527.txt,]          ,^
C:\Users\Banayaki\PycharmProjects\service\test\for_identify\528.txt,P          ,^
C:\Users\Banayaki\PycharmProjects\service\test\for_identify\529.txt,V          ,^
C:\Users\Banayaki\PycharmProjects\service\test\for_identify\53.txt ,g          ,@
C:\Users\Banayaki\PycharmProjects\service\test\for_identify\530.txt,I          ,@
C:\Users\Banayaki\PycharmProjects\service\test\for_identify\531.txt,T          ,^
C:\Users\Banayaki\PycharmProjects\service\test\for_identify\532.txt,5          ,5
C:\Users\Banayaki\PycharmProjects\service\test\for_identify\533.txt,9          ,9
C:\Users\Banayaki\PycharmProjects\service\test\for_identify\534.txt,#          ,$
C:\Users\Banayaki\PycharmProjects\service\test\for_identify\535.txt,""""       ,!
C:\Users\Banayaki\PycharmProjects\service\test\for_identify\536.txt,\          ,^
C:\Users\Banayaki\PycharmProjects\service\test\for_identify\537.txt,H          ,@
C:\Users\Banayaki\PycharmProjects\service\test\for_identify\538.txt,9          ,9
C:\Users\Banayaki\PycharmProjects\service\test\for_identify\539.txt,$          ,$
C:\Users\Banayaki\PycharmProjects\service\test\for_identify\54.txt ,>          ,=
C:\Users\Banayaki\PycharmProjects\service\test\for_identify\540.txt,B          ,@
C:\Users\Banayaki\PycharmProjects\service\test\for_identify\541.txt,""""       ,!
C:\Users\Banayaki\PycharmProjects\service\test\for_identify\542.txt,j          ,@
C:\Users\Banayaki\PycharmProjects\service\test\for_identify\543.txt,d          ,^
C:\Users\Banayaki\PycharmProjects\service\test\for_identify\544.txt,j          ,@
C:\Users\Banayaki\PycharmProjects\service\test\for_identify\545.txt,z          ,@
C:\Users\Banayaki\PycharmProjects\service\test\for_identify\546.txt,b          ,^
C:\Users\Banayaki\PycharmProjects\service\test\for_identify\547.txt,H          ,@
C:\Users\Banayaki\PycharmProjects\service\test\for_identify\548.txt,\          ,^
C:\Users\Banayaki\PycharmProjects\service\test\for_identify\549.txt,?          ,@
C:\Users\Banayaki\PycharmProjects\service\test\for_identify\55.txt ,<          ,=
C:\Users\Banayaki\PycharmProjects\service\test\for_identify\550.txt,%          ,$
C:\Users\Banayaki\PycharmProjects\service\test\for_identify\551.txt,u          ,@
C:\Users\Banayaki\PycharmProjects\service\test\for_identify\552.txt,;          ,:
C:\Users\Banayaki\PycharmProjects\service\test\for_identify\553.txt,W          ,^
C:\Users\Banayaki\PycharmProjects\service\test\for_identify\554.txt,&          ,$
C:\Users\Banayaki\PycharmProjects\service\test\for_identify\555.txt,X          ,^
C:\Users\Banayaki\PycharmProjects\service\test\for_identify\556.txt,#          ,$
C:\Users\Banayaki\PycharmProjects\service\test\for_identify\557.txt,/          ,.
C:\Users\Banayaki\PycharmProjects\service\test\for_identify\558.txt,\          ,^
C:\Users\Banayaki\PycharmProjects\service\test\for_identify\559.txt,K          ,@
C:\Users\Banayaki\PycharmProjects\service\test\for_identify\56.txt ,c          ,^
C:\Users\Banayaki\PycharmProjects\service\test\for_identify\560.txt,<          ,=
C:\Users\Banayaki\PycharmProjects\service\test\for_identify\561.txt,l          ,@
C:\Users\Banayaki\PycharmProjects\service\test\for_identify\562.txt,u          ,@
C:\Users\Banayaki\PycharmProjects\service\test\for_identify\563.txt,(          ,(
C:\Users\Banayaki\PycharmProjects\service\test\for_identify\564.txt,P          ,^
C:\Users\Banayaki\PycharmProjects\service\test\for_identify\565.txt,P          ,^
C:\Users\Banayaki\PycharmProjects\service\test\for_identify\566.txt,k          ,@
C:\Users\Banayaki\PycharmProjects\service\test\for_identify\567.txt,O          ,^
C:\Users\Banayaki\PycharmProjects\service\test\for_identify\568.txt,~          ,~
C:\Users\Banayaki\PycharmProjects\service\test\for_identify\569.txt,H          ,@
C:\Users\Banayaki\PycharmProjects\service\test\for_identify\57.txt ,L          ,@
C:\Users\Banayaki\PycharmProjects\service\test\for_identify\570.txt,o          ,@
C:\Users\Banayaki\PycharmProjects\service\test\for_identify\571.txt,a          ,^
C:\Users\Banayaki\PycharmProjects\service\test\for_identify\572.txt,[          ,^
C:\Users\Banayaki\PycharmProjects\service\test\for_identify\573.txt,`          ,^
C:\Users\Banayaki\PycharmProjects\service\test\for_identify\574.txt,w          ,@
C:\Users\Banayaki\PycharmProjects\service\test\for_identify\575.txt,^          ,^
C:\Users\Banayaki\PycharmProjects\service\test\for_identify\576.txt,O          ,^
C:\Users\Banayaki\PycharmProjects\service\test\for_identify\577.txt,/          ,.
C:\Users\Banayaki\PycharmProjects\service\test\for_identify\578.txt,<          ,=
C:\Users\Banayaki\PycharmProjects\service\test\for_identify\579.txt,x          ,@
C:\Users\Banayaki\PycharmProjects\service\test\for_identify\58.txt ,z          ,@
C:\Users\Banayaki\PycharmProjects\service\test\for_identify\580.txt,\          ,^
C:\Users\Banayaki\PycharmProjects\service\test\for_identify\581.txt,~          ,~
C:\Users\Banayaki\PycharmProjects\service\test\for_identify\582.txt,5          ,5
C:\Users\Banayaki\PycharmProjects\service\test\for_identify\583.txt,b          ,^
C:\Users\Banayaki\PycharmProjects\service\test\for_identify\584.txt,>          ,=
C:\Users\Banayaki\PycharmProjects\service\test\for_identify\585.txt,$          ,$
C:\Users\Banayaki\PycharmProjects\service\test\for_identify\586.txt,R          ,^
C:\Users\Banayaki\PycharmProjects\service\test\for_identify\587.txt,/          ,.
C:\Users\Banayaki\PycharmProjects\service\test\for_identify\588.txt,f          ,^
C:\Users\Banayaki\PycharmProjects\service\test\for_identify\589.txt,b          ,^
C:\Users\Banayaki\PycharmProjects\service\test\for_identify\59.txt ,h          ,@
C:\Users\Banayaki\PycharmProjects\service\test\for_identify\590.txt,:          ,:
C:\Users\Banayaki\PycharmProjects\service\test\for_identify\591.txt,G          ,@
C:\Users\Banayaki\PycharmProjects\service\test\for_identify\592.txt,H          ,@
C:\Users\Banayaki\PycharmProjects\service\test\for_identify\593.txt,8          ,8
C:\Users\Banayaki\PycharmProjects\service\test\for_identify\594.txt,D          ,@
C:\Users\Banayaki\PycharmProjects\service\test\for_identify\595.txt,","        ,+
C:\Users\Banayaki\PycharmProjects\service\test\for_identify\596.txt,g          ,@
C:\Users\Banayaki\PycharmProjects\service\test\for_identify\597.txt,t          ,@
C:\Users\Banayaki\PycharmProjects\service\test\for_identify\598.txt,z          ,@
C:\Users\Banayaki\PycharmProjects\service\test\for_identify\599.txt,@          ,@
C:\Users\Banayaki\PycharmProjects\service\test\for_identify\6.txt  ,n          ,@
C:\Users\Banayaki\PycharmProjects\service\test\for_identify\60.txt ,>          ,=
C:\Users\Banayaki\PycharmProjects\service\test\for_identify\600.txt,Q          ,^
C:\Users\Banayaki\PycharmProjects\service\test\for_identify\601.txt,Y          ,^
C:\Users\Banayaki\PycharmProjects\service\test\for_identify\602.txt,*          ,+
C:\Users\Banayaki\PycharmProjects\service\test\for_identify\603.txt,J          ,@
C:\Users\Banayaki\PycharmProjects\service\test\for_identify\604.txt,G          ,@
C:\Users\Banayaki\PycharmProjects\service\test\for_identify\605.txt,Z          ,^
C:\Users\Banayaki\PycharmProjects\service\test\for_identify\606.txt,g          ,@
C:\Users\Banayaki\PycharmProjects\service\test\for_identify\607.txt,u          ,@
C:\Users\Banayaki\PycharmProjects\service\test\for_identify\608.txt,Y          ,^
C:\Users\Banayaki\PycharmProjects\service\test\for_identify\609.txt,[          ,^
C:\Users\Banayaki\PycharmProjects\service\test\for_identify\61.txt ,v          ,@
C:\Users\Banayaki\PycharmProjects\service\test\for_identify\610.txt,l          ,@
C:\Users\Banayaki\PycharmProjects\service\test\for_identify\611.txt,K          ,@
C:\Users\Banayaki\PycharmProjects\service\test\for_identify\612.txt,@          ,@
C:\Users\Banayaki\PycharmProjects\service\test\for_identify\613.txt,@          ,@
C:\Users\Banayaki\PycharmProjects\service\test\for_identify\614.txt,w          ,@
C:\Users\Banayaki\PycharmProjects\service\test\for_identify\615.txt,n          ,@
C:\Users\Banayaki\PycharmProjects\service\test\for_identify\616.txt,^          ,^
C:\Users\Banayaki\PycharmProjects\service\test\for_identify\617.txt,X          ,^
C:\Users\Banayaki\PycharmProjects\service\test\for_identify\618.txt,.          ,.
C:\Users\Banayaki\PycharmProjects\service\test\for_identify\619.txt,[          ,^
C:\Users\Banayaki\PycharmProjects\service\test\for_identify\62.txt ,>          ,=
C:\Users\Banayaki\PycharmProjects\service\test\for_identify\620.txt,%          ,$
C:\Users\Banayaki\PycharmProjects\service\test\for_identify\621.txt,<          ,=
C:\Users\Banayaki\PycharmProjects\service\test\for_identify\622.txt,&          ,$
C:\Users\Banayaki\PycharmProjects\service\test\for_identify\623.txt,t          ,@
C:\Users\Banayaki\PycharmProjects\service\test\for_identify\624.txt,:          ,:
C:\Users\Banayaki\PycharmProjects\service\test\for_identify\625.txt,k          ,@
C:\Users\Banayaki\PycharmProjects\service\test\for_identify\626.txt,7          ,7
C:\Users\Banayaki\PycharmProjects\service\test\for_identify\627.txt,:          ,:
C:\Users\Banayaki\PycharmProjects\service\test\for_identify\628.txt,O          ,^
C:\Users\Banayaki\PycharmProjects\service\test\for_identify\629.txt,r          ,@
C:\Users\Banayaki\PycharmProjects\service\test\for_identify\63.txt ,g          ,@
C:\Users\Banayaki\PycharmProjects\service\test\for_identify\630.txt,3          ,3
C:\Users\Banayaki\PycharmProjects\service\test\for_identify\631.txt,J          ,@
C:\Users\Banayaki\PycharmProjects\service\test\for_identify\632.txt,k          ,@
C:\Users\Banayaki\PycharmProjects\service\test\for_identify\633.txt,t          ,@
C:\Users\Banayaki\PycharmProjects\service\test\for_identify\634.txt,E          ,@
C:\Users\Banayaki\PycharmProjects\service\test\for_identify\635.txt,w          ,@
C:\Users\Banayaki\PycharmProjects\service\test\for_identify\636.txt,|          ,@
C:\Users\Banayaki\PycharmProjects\service\test\for_identify\637.txt,r          ,@
C:\Users\Banayaki\PycharmProjects\service\test\for_identify\638.txt,E          ,@
C:\Users\Banayaki\PycharmProjects\service\test\for_identify\639.txt,*          ,+
C:\Users\Banayaki\PycharmProjects\service\test\for_identify\64.txt ,H          ,@
C:\Users\Banayaki\PycharmProjects\service\test\for_identify\640.txt,u          ,@
C:\Users\Banayaki\PycharmProjects\service\test\for_identify\641.txt,)          ,(
C:\Users\Banayaki\PycharmProjects\service\test\for_identify\642.txt,^          ,^
C:\Users\Banayaki\PycharmProjects\service\test\for_identify\643.txt,z          ,@
C:\Users\Banayaki\PycharmProjects\service\test\for_identify\644.txt,_          ,^
C:\Users\Banayaki\PycharmProjects\service\test\for_identify\645.txt,@          ,@
C:\Users\Banayaki\PycharmProjects\service\test\for_identify\646.txt,A          ,@
C:\Users\Banayaki\PycharmProjects\service\test\for_identify\647.txt,_          ,^
C:\Users\Banayaki\PycharmProjects\service\test\for_identify\648.txt,!          ,!
C:\Users\Banayaki\PycharmProjects\service\test\for_identify\649.txt,k          ,@
C:\Users\Banayaki\PycharmProjects\service\test\for_identify\65.txt ,+          ,+
C:\Users\Banayaki\PycharmProjects\service\test\for_identify\650.txt,Q          ,^
C:\Users\Banayaki\PycharmProjects\service\test\for_identify\651.txt,+          ,+
C:\Users\Banayaki\PycharmProjects\service\test\for_identify\652.txt,i          ,@
C:\Users\Banayaki\PycharmProjects\service\test\for_identify\653.txt,!          ,!
C:\Users\Banayaki\PycharmProjects\service\test\for_identify\654.txt,(          ,(
C:\Users\Banayaki\PycharmProjects\service\test\for_identify\655.txt,t          ,@
C:\Users\Banayaki\PycharmProjects\service\test\for_identify\656.txt,;          ,:
C:\Users\Banayaki\PycharmProjects\service\test\for_identify\657.txt,a          ,^
C:\Users\Banayaki\PycharmProjects\service\test\for_identify\658.txt,[          ,^
C:\Users\Banayaki\PycharmProjects\service\test\for_identify\659.txt,-          ,.
C:\Users\Banayaki\PycharmProjects\service\test\for_identify\66.txt ,t          ,@
C:\Users\Banayaki\PycharmProjects\service\test\for_identify\660.txt,D          ,@
C:\Users\Banayaki\PycharmProjects\service\test\for_identify\661.txt,1          ,1
C:\Users\Banayaki\PycharmProjects\service\test\for_identify\662.txt,F          ,@
C:\Users\Banayaki\PycharmProjects\service\test\for_identify\663.txt,<          ,=
C:\Users\Banayaki\PycharmProjects\service\test\for_identify\664.txt,Z          ,^
C:\Users\Banayaki\PycharmProjects\service\test\for_identify\665.txt,Z          ,^
C:\Users\Banayaki\PycharmProjects\service\test\for_identify\666.txt,","        ,+
C:\Users\Banayaki\PycharmProjects\service\test\for_identify\667.txt,)          ,(
C:\Users\Banayaki\PycharmProjects\service\test\for_identify\668.txt,L          ,@
C:\Users\Banayaki\PycharmProjects\service\test\for_identify\669.txt,B          ,@
C:\Users\Banayaki\PycharmProjects\service\test\for_identify\67.txt ,y          ,@
C:\Users\Banayaki\PycharmProjects\service\test\for_identify\670.txt,Y          ,^
C:\Users\Banayaki\PycharmProjects\service\test\for_identify\671.txt,E          ,@
C:\Users\Banayaki\PycharmProjects\service\test\for_identify\672.txt,6          ,6
C:\Users\Banayaki\PycharmProjects\service\test\for_identify\673.txt,O          ,^
C:\Users\Banayaki\PycharmProjects\service\test\for_identify\674.txt,&          ,$
C:\Users\Banayaki\PycharmProjects\service\test\for_identify\675.txt,[          ,^
C:\Users\Banayaki\PycharmProjects\service\test\for_identify\676.txt,E          ,@
C:\Users\Banayaki\PycharmProjects\service\test\for_identify\677.txt,7          ,7
C:\Users\Banayaki\PycharmProjects\service\test\for_identify\678.txt,8          ,8
C:\Users\Banayaki\PycharmProjects\service\test\for_identify\679.txt,p          ,@
C:\Users\Banayaki\PycharmProjects\service\test\for_identify\68.txt ,","        ,+
C:\Users\Banayaki\PycharmProjects\service\test\for_identify\680.txt,-          ,.
C:\Users\Banayaki\PycharmProjects\service\test\for_identify\681.txt,g          ,@
C:\Users\Banayaki\PycharmProjects\service\test\for_identify\682.txt,\          ,^
C:\Users\Banayaki\PycharmProjects\service\test\for_identify\683.txt,{          ,@
C:\Users\Banayaki\PycharmProjects\service\test\for_identify\684.txt,.          ,.
C:\Users\Banayaki\PycharmProjects\service\test\for_identify\685.txt,","        ,+
C:\Users\Banayaki\PycharmProjects\service\test\for_identify\686.txt,9          ,9
C:\Users\Banayaki\PycharmProjects\service\test\for_identify\687.txt,4          ,4
C:\Users\Banayaki\PycharmProjects\service\test\for_identify\688.txt,~          ,~
C:\Users\Banayaki\PycharmProjects\service\test\for_identify\689.txt,D          ,@
C:\Users\Banayaki\PycharmProjects\service\test\for_identify\69.txt ,.          ,.
C:\Users\Banayaki\PycharmProjects\service\test\for_identify\690.txt,W          ,^
C:\Users\Banayaki\PycharmProjects\service\test\for_identify\691.txt,x          ,@
C:\Users\Banayaki\PycharmProjects\service\test\for_identify\692.txt,+          ,+
C:\Users\Banayaki\PycharmProjects\service\test\for_identify\693.txt,a          ,^
C:\Users\Banayaki\PycharmProjects\service\test\for_identify\694.txt,0          ,0
C:\Users\Banayaki\PycharmProjects\service\test\for_identify\695.txt,;          ,:
C:\Users\Banayaki\PycharmProjects\service\test\for_identify\696.txt,=          ,=
C:\Users\Banayaki\PycharmProjects\service\test\for_identify\697.txt,j          ,@
C:\Users\Banayaki\PycharmProjects\service\test\for_identify\698.txt,l          ,@
C:\Users\Banayaki\PycharmProjects\service\test\for_identify\699.txt,B          ,@
C:\Users\Banayaki\PycharmProjects\service\test\for_identify\7.txt  ,2          ,2
C:\Users\Banayaki\PycharmProjects\service\test\for_identify\70.txt ,6          ,6
C:\Users\Banayaki\PycharmProjects\service\test\for_identify\700.txt,H          ,@
C:\Users\Banayaki\PycharmProjects\service\test\for_identify\701.txt,p          ,@
C:\Users\Banayaki\PycharmProjects\service\test\for_identify\702.txt,S          ,^
C:\Users\Banayaki\PycharmProjects\service\test\for_identify\703.txt,$          ,$
C:\Users\Banayaki\PycharmProjects\service\test\for_identify\704.txt,k          ,@
C:\Users\Banayaki\PycharmProjects\service\test\for_identify\705.txt,o          ,@
C:\Users\Banayaki\PycharmProjects\service\test\for_identify\706.txt,;          ,:
C:\Users\Banayaki\PycharmProjects\service\test\for_identify\707.txt,6          ,6
C:\Users\Banayaki\PycharmProjects\service\test\for_identify\708.txt,5          ,5
C:\Users\Banayaki\PycharmProjects\service\test\for_identify\709.txt,:          ,:
C:\Users\Banayaki\PycharmProjects\service\test\for_identify\71.txt ,c          ,^
C:\Users\Banayaki\PycharmProjects\service\test\for_identify\710.txt,E          ,@
C:\Users\Banayaki\PycharmProjects\service\test\for_identify\711.txt,n          ,@
C:\Users\Banayaki\PycharmProjects\service\test\for_identify\712.txt,z          ,@
C:\Users\Banayaki\PycharmProjects\service\test\for_identify\713.txt,(          ,(
C:\Users\Banayaki\PycharmProjects\service\test\for_identify\714.txt,_          ,^
C:\Users\Banayaki\PycharmProjects\service\test\for_identify\715.txt,S          ,^
C:\Users\Banayaki\PycharmProjects\service\test\for_identify\716.txt,6          ,6
C:\Users\Banayaki\PycharmProjects\service\test\for_identify\717.txt,r          ,@
C:\Users\Banayaki\PycharmProjects\service\test\for_identify\718.txt,5          ,5
C:\Users\Banayaki\PycharmProjects\service\test\for_identify\719.txt,=          ,=
C:\Users\Banayaki\PycharmProjects\service\test\for_identify\72.txt ,e          ,^
C:\Users\Banayaki\PycharmProjects\service\test\for_identify\720.txt,Y          ,^
C:\Users\Banayaki\PycharmProjects\service\test\for_identify\721.txt,p          ,@
C:\Users\Banayaki\PycharmProjects\service\test\for_identify\722.txt,'          ,(
C:\Users\Banayaki\PycharmProjects\service\test\for_identify\723.txt,b          ,^
C:\Users\Banayaki\PycharmProjects\service\test\for_identify\724.txt,Q          ,^
C:\Users\Banayaki\PycharmProjects\service\test\for_identify\725.txt,q          ,@
C:\Users\Banayaki\PycharmProjects\service\test\for_identify\726.txt,@          ,@
C:\Users\Banayaki\PycharmProjects\service\test\for_identify\727.txt,C          ,@
C:\Users\Banayaki\PycharmProjects\service\test\for_identify\728.txt,[          ,^
C:\Users\Banayaki\PycharmProjects\service\test\for_identify\729.txt,c          ,^
C:\Users\Banayaki\PycharmProjects\service\test\for_identify\73.txt ,>          ,=
C:\Users\Banayaki\PycharmProjects\service\test\for_identify\730.txt,J          ,@
C:\Users\Banayaki\PycharmProjects\service\test\for_identify\731.txt,4          ,4
C:\Users\Banayaki\PycharmProjects\service\test\for_identify\732.txt,#          ,$
C:\Users\Banayaki\PycharmProjects\service\test\for_identify\733.txt,u          ,@
C:\Users\Banayaki\PycharmProjects\service\test\for_identify\734.txt,Z          ,^
C:\Users\Banayaki\PycharmProjects\service\test\for_identify\735.txt,U          ,^
C:\Users\Banayaki\PycharmProjects\service\test\for_identify\736.txt,q          ,@
C:\Users\Banayaki\PycharmProjects\service\test\for_identify\737.txt,k          ,@
C:\Users\Banayaki\PycharmProjects\service\test\for_identify\738.txt,X          ,^
C:\Users\Banayaki\PycharmProjects\service\test\for_identify\739.txt,~          ,~
C:\Users\Banayaki\PycharmProjects\service\test\for_identify\74.txt ,L          ,@
C:\Users\Banayaki\PycharmProjects\service\test\for_identify\740.txt,I          ,@
C:\Users\Banayaki\PycharmProjects\service\test\for_identify\741.txt,I          ,@
C:\Users\Banayaki\PycharmProjects\service\test\for_identify\742.txt,b          ,^
C:\Users\Banayaki\PycharmProjects\service\test\for_identify\743.txt,$          ,$
C:\Users\Banayaki\PycharmProjects\service\test\for_identify\744.txt,R          ,^
C:\Users\Banayaki\PycharmProjects\service\test\for_identify\745.txt,q          ,@
C:\Users\Banayaki\PycharmProjects\service\test\for_identify\746.txt,q          ,@
C:\Users\Banayaki\PycharmProjects\service\test\for_identify\747.txt,=          ,=
C:\Users\Banayaki\PycharmProjects\service\test\for_identify\748.txt,K          ,@
C:\Users\Banayaki\PycharmProjects\service\test\for_identify\749.txt,J          ,@
C:\Users\Banayaki\PycharmProjects\service\test\for_identify\75.txt ,!          ,!
C:\Users\Banayaki\PycharmProjects\service\test\for_identify\750.txt,s          ,@
C:\Users\Banayaki\PycharmProjects\service\test\for_identify\751.txt,i          ,@
C:\Users\Banayaki\PycharmProjects\service\test\for_identify\752.txt,I          ,@
C:\Users\Banayaki\PycharmProjects\service\test\for_identify\753.txt,x          ,@
C:\Users\Banayaki\PycharmProjects\service\test\for_identify\754.txt,Y          ,^
C:\Users\Banayaki\PycharmProjects\service\test\for_identify\755.txt,n          ,@
C:\Users\Banayaki\PycharmProjects\service\test\for_identify\756.txt,h          ,@
C:\Users\Banayaki\PycharmProjects\service\test\for_identify\757.txt,5          ,5
C:\Users\Banayaki\PycharmProjects\service\test\for_identify\758.txt,@          ,@
C:\Users\Banayaki\PycharmProjects\service\test\for_identify\759.txt,e          ,^
C:\Users\Banayaki\PycharmProjects\service\test\for_identify\76.txt ,%          ,$
C:\Users\Banayaki\PycharmProjects\service\test\for_identify\760.txt,F          ,@
C:\Users\Banayaki\PycharmProjects\service\test\for_identify\761.txt,9          ,9
C:\Users\Banayaki\PycharmProjects\service\test\for_identify\762.txt,f          ,^
C:\Users\Banayaki\PycharmProjects\service\test\for_identify\763.txt,""""       ,!
C:\Users\Banayaki\PycharmProjects\service\test\for_identify\764.txt,r          ,@
C:\Users\Banayaki\PycharmProjects\service\test\for_identify\765.txt,?          ,@
C:\Users\Banayaki\PycharmProjects\service\test\for_identify\766.txt,H          ,@
C:\Users\Banayaki\PycharmProjects\service\test\for_identify\767.txt,z          ,@
C:\Users\Banayaki\PycharmProjects\service\test\for_identify\768.txt,H          ,@
C:\Users\Banayaki\PycharmProjects\service\test\for_identify\769.txt,_          ,^
C:\Users\Banayaki\PycharmProjects\service\test\for_identify\77.txt ,(          ,(
C:\Users\Banayaki\PycharmProjects\service\test\for_identify\770.txt,3          ,3
C:\Users\Banayaki\PycharmProjects\service\test\for_identify\771.txt,8          ,8
C:\Users\Banayaki\PycharmProjects\service\test\for_identify\772.txt,5          ,5
C:\Users\Banayaki\PycharmProjects\service\test\for_identify\773.txt,X          ,^
C:\Users\Banayaki\PycharmProjects\service\test\for_identify\774.txt,M          ,@
C:\Users\Banayaki\PycharmProjects\service\test\for_identify\775.txt,0          ,0
C:\Users\Banayaki\PycharmProjects\service\test\for_identify\776.txt,H          ,@
C:\Users\Banayaki\PycharmProjects\service\test\for_identify\777.txt,o          ,@
C:\Users\Banayaki\PycharmProjects\service\test\for_identify\778.txt,n          ,@
C:\Users\Banayaki\PycharmProjects\service\test\for_identify\779.txt,O          ,^
C:\Users\Banayaki\PycharmProjects\service\test\for_identify\78.txt ,<          ,=
C:\Users\Banayaki\PycharmProjects\service\test\for_identify\780.txt,S          ,^
C:\Users\Banayaki\PycharmProjects\service\test\for_identify\781.txt,[          ,^
C:\Users\Banayaki\PycharmProjects\service\test\for_identify\782.txt,?          ,@
C:\Users\Banayaki\PycharmProjects\service\test\for_identify\783.txt,R          ,^
C:\Users\Banayaki\PycharmProjects\service\test\for_identify\784.txt,Z          ,^
C:\Users\Banayaki\PycharmProjects\service\test\for_identify\785.txt,c          ,^
C:\Users\Banayaki\PycharmProjects\service\test\for_identify\786.txt,l          ,@
C:\Users\Banayaki\PycharmProjects\service\test\for_identify\787.txt,M          ,@
C:\Users\Banayaki\PycharmProjects\service\test\for_identify\788.txt,]          ,^
C:\Users\Banayaki\PycharmProjects\service\test\for_identify\789.txt,-          ,.
C:\Users\Banayaki\PycharmProjects\service\test\for_identify\79.txt ,>          ,=
C:\Users\Banayaki\PycharmProjects\service\test\for_identify\790.txt,4          ,4
C:\Users\Banayaki\PycharmProjects\service\test\for_identify\791.txt,P          ,^
C:\Users\Banayaki\PycharmProjects\service\test\for_identify\792.txt,y          ,@
C:\Users\Banayaki\PycharmProjects\service\test\for_identify\793.txt,\          ,^
C:\Users\Banayaki\PycharmProjects\service\test\for_identify\794.txt,h          ,@
C:\Users\Banayaki\PycharmProjects\service\test\for_identify\795.txt,z          ,@
C:\Users\Banayaki\PycharmProjects\service\test\for_identify\796.txt,+          ,+
C:\Users\Banayaki\PycharmProjects\service\test\for_identify\797.txt,r          ,@
C:\Users\Banayaki\PycharmProjects\service\test\for_identify\798.txt,x          ,@
C:\Users\Banayaki\PycharmProjects\service\test\for_identify\799.txt,8          ,8
C:\Users\Banayaki\PycharmProjects\service\test\for_identify\8.txt  ,I          ,@
C:\Users\Banayaki\PycharmProjects\service\test\for_identify\80.txt ,R          ,^
C:\Users\Banayaki\PycharmProjects\service\test\for_identify\800.txt,)          ,(
C:\Users\Banayaki\PycharmProjects\service\test\for_identify\801.txt,e          ,^
C:\Users\Banayaki\PycharmProjects\service\test\for_identify\802.txt,2          ,2
C:\Users\Banayaki\PycharmProjects\service\test\for_identify\803.txt,m          ,@
C:\Users\Banayaki\PycharmProjects\service\test\for_identify\804.txt,'          ,(
C:\Users\Banayaki\PycharmProjects\service\test\for_identify\805.txt,J          ,@
C:\Users\Banayaki\PycharmProjects\service\test\for_identify\806.txt,~          ,~
C:\Users\Banayaki\PycharmProjects\service\test\for_identify\807.txt,<          ,=
C:\Users\Banayaki\PycharmProjects\service\test\for_identify\808.txt,5          ,5
C:\Users\Banayaki\PycharmProjects\service\test\for_identify\809.txt,M          ,@
C:\Users\Banayaki\PycharmProjects\service\test\for_identify\81.txt ,3          ,3
C:\Users\Banayaki\PycharmProjects\service\test\for_identify\810.txt,[          ,^
C:\Users\Banayaki\PycharmProjects\service\test\for_identify\811.txt,X          ,^
C:\Users\Banayaki\PycharmProjects\service\test\for_identify\812.txt,E          ,@
C:\Users\Banayaki\PycharmProjects\service\test\for_identify\813.txt,@          ,@
C:\Users\Banayaki\PycharmProjects\service\test\for_identify\814.txt,X          ,^
C:\Users\Banayaki\PycharmProjects\service\test\for_identify\815.txt,%          ,$
C:\Users\Banayaki\PycharmProjects\service\test\for_identify\816.txt,z          ,@
C:\Users\Banayaki\PycharmProjects\service\test\for_identify\817.txt,m          ,@
C:\Users\Banayaki\PycharmProjects\service\test\for_identify\818.txt,=          ,=
C:\Users\Banayaki\PycharmProjects\service\test\for_identify\819.txt,9          ,9
C:\Users\Banayaki\PycharmProjects\service\test\for_identify\82.txt ,?          ,@
C:\Users\Banayaki\PycharmProjects\service\test\for_identify\820.txt,u          ,@
C:\Users\Banayaki\PycharmProjects\service\test\for_identify\821.txt,I          ,@
C:\Users\Banayaki\PycharmProjects\service\test\for_identify\822.txt,5          ,5
C:\Users\Banayaki\PycharmProjects\service\test\for_identify\823.txt,4          ,4
C:\Users\Banayaki\PycharmProjects\service\test\for_identify\824.txt,","        ,+
C:\Users\Banayaki\PycharmProjects\service\test\for_identify\825.txt,8          ,8
C:\Users\Banayaki\PycharmProjects\service\test\for_identify\826.txt,A          ,@
C:\Users\Banayaki\PycharmProjects\service\test\for_identify\827.txt,$          ,$
C:\Users\Banayaki\PycharmProjects\service\test\for_identify\828.txt,V          ,^
C:\Users\Banayaki\PycharmProjects\service\test\for_identify\829.txt,0          ,0
C:\Users\Banayaki\PycharmProjects\service\test\for_identify\83.txt ,&          ,$
C:\Users\Banayaki\PycharmProjects\service\test\for_identify\830.txt,]          ,^
C:\Users\Banayaki\PycharmProjects\service\test\for_identify\831.txt,{          ,@
C:\Users\Banayaki\PycharmProjects\service\test\for_identify\832.txt,%          ,$
C:\Users\Banayaki\PycharmProjects\service\test\for_identify\833.txt,]          ,^
C:\Users\Banayaki\PycharmProjects\service\test\for_identify\834.txt,S          ,^
C:\Users\Banayaki\PycharmProjects\service\test\for_identify\835.txt,\          ,^
C:\Users\Banayaki\PycharmProjects\service\test\for_identify\836.txt,A          ,@
C:\Users\Banayaki\PycharmProjects\service\test\for_identify\837.txt,/          ,.
C:\Users\Banayaki\PycharmProjects\service\test\for_identify\838.txt,W          ,^
C:\Users\Banayaki\PycharmProjects\service\test\for_identify\839.txt,_          ,^
C:\Users\Banayaki\PycharmProjects\service\test\for_identify\84.txt ,e          ,^
C:\Users\Banayaki\PycharmProjects\service\test\for_identify\840.txt,r          ,@
C:\Users\Banayaki\PycharmProjects\service\test\for_identify\841.txt,z          ,@
C:\Users\Banayaki\PycharmProjects\service\test\for_identify\842.txt,C          ,@
C:\Users\Banayaki\PycharmProjects\service\test\for_identify\843.txt,r          ,@
C:\Users\Banayaki\PycharmProjects\service\test\for_identify\844.txt,=          ,=
C:\Users\Banayaki\PycharmProjects\service\test\for_identify\845.txt,Y          ,^
C:\Users\Banayaki\PycharmProjects\service\test\for_identify\846.txt,R          ,^
C:\Users\Banayaki\PycharmProjects\service\test\for_identify\847.txt,9          ,9
C:\Users\Banayaki\PycharmProjects\service\test\for_identify\848.txt,z          ,@
C:\Users\Banayaki\PycharmProjects\service\test\for_identify\849.txt,8          ,8
C:\Users\Banayaki\PycharmProjects\service\test\for_identify\85.txt ,H          ,@
C:\Users\Banayaki\PycharmProjects\service\test\for_identify\850.txt,""""       ,!
C:\Users\Banayaki\PycharmProjects\service\test\for_identify\851.txt,K          ,@
C:\Users\Banayaki\PycharmProjects\service\test\for_identify\852.txt,W          ,^
C:\Users\Banayaki\PycharmProjects\service\test\for_identify\853.txt,^          ,^
C:\Users\Banayaki\PycharmProjects\service\test\for_identify\854.txt,2          ,2
C:\Users\Banayaki\PycharmProjects\service\test\for_identify\855.txt,p          ,@
C:\Users\Banayaki\PycharmProjects\service\test\for_identify\856.txt,n          ,@
C:\Users\Banayaki\PycharmProjects\service\test\for_identify\857.txt,q          ,@
C:\Users\Banayaki\PycharmProjects\service\test\for_identify\858.txt,W          ,^
C:\Users\Banayaki\PycharmProjects\service\test\for_identify\859.txt,#          ,$
C:\Users\Banayaki\PycharmProjects\service\test\for_identify\86.txt ,:          ,:
C:\Users\Banayaki\PycharmProjects\service\test\for_identify\860.txt,2          ,2
C:\Users\Banayaki\PycharmProjects\service\test\for_identify\861.txt,x          ,@
C:\Users\Banayaki\PycharmProjects\service\test\for_identify\862.txt,z          ,@
C:\Users\Banayaki\PycharmProjects\service\test\for_identify\863.txt,v          ,@
C:\Users\Banayaki\PycharmProjects\service\test\for_identify\864.txt,d          ,^
C:\Users\Banayaki\PycharmProjects\service\test\for_identify\865.txt,^          ,^
C:\Users\Banayaki\PycharmProjects\service\test\for_identify\866.txt,M          ,@
C:\Users\Banayaki\PycharmProjects\service\test\for_identify\867.txt,=          ,=
C:\Users\Banayaki\PycharmProjects\service\test\for_identify\868.txt,|          ,@
C:\Users\Banayaki\PycharmProjects\service\test\for_identify\869.txt,5          ,5
C:\Users\Banayaki\PycharmProjects\service\test\for_identify\87.txt ,+          ,+
C:\Users\Banayaki\PycharmProjects\service\test\for_identify\870.txt,>          ,=
C:\Users\Banayaki\PycharmProjects\service\test\for_identify\871.txt,+          ,+
C:\Users\Banayaki\PycharmProjects\service\test\for_identify\872.txt,.          ,.
C:\Users\Banayaki\PycharmProjects\service\test\for_identify\873.txt,a          ,^
C:\Users\Banayaki\PycharmProjects\service\test\for_identify\874.txt,-          ,.
C:\Users\Banayaki\PycharmProjects\service\test\for_identify\875.txt,G          ,@
C:\Users\Banayaki\PycharmProjects\service\test\for_identify\876.txt,y          ,@
C:\Users\Banayaki\PycharmProjects\service\test\for_identify\877.txt,7          ,7
C:\Users\Banayaki\PycharmProjects\service\test\for_identify\878.txt,l          ,@
C:\Users\Banayaki\PycharmProjects\service\test\for_identify\879.txt,;          ,:
C:\Users\Banayaki\PycharmProjects\service\test\for_identify\88.txt ,E          ,@
C:\Users\Banayaki\PycharmProjects\service\test\for_identify\880.txt,v          ,@
C:\Users\Banayaki\PycharmProjects\service\test\for_identify\881.txt,V          ,^
C:\Users\Banayaki\PycharmProjects\service\test\for_identify\882.txt,I          ,@
C:\Users\Banayaki\PycharmProjects\service\test\for_identify\883.txt,4          ,4
C:\Users\Banayaki\PycharmProjects\service\test\for_identify\884.txt,m          ,@
C:\Users\Banayaki\PycharmProjects\service\test\for_identify\885.txt,W          ,^
C:\Users\Banayaki\PycharmProjects\service\test\for_identify\886.txt,{          ,@
C:\Users\Banayaki\PycharmProjects\service\test\for_identify\887.txt,D          ,@
C:\Users\Banayaki\PycharmProjects\service\test\for_identify\888.txt,R          ,^
C:\Users\Banayaki\PycharmProjects\service\test\for_identify\889.txt,\          ,^
C:\Users\Banayaki\PycharmProjects\service\test\for_identify\89.txt ,2          ,2
C:\Users\Banayaki\PycharmProjects\service\test\for_identify\890.txt,l          ,@
C:\Users\Banayaki\PycharmProjects\service\test\for_identify\891.txt,Q          ,^
C:\Users\Banayaki\PycharmProjects\service\test\for_identify\892.txt,u          ,@
C:\Users\Banayaki\PycharmProjects\service\test\for_identify\893.txt,;          ,:
C:\Users\Banayaki\PycharmProjects\service\test\for_identify\894.txt,I          ,@
C:\Users\Banayaki\PycharmProjects\service\test\for_identify\895.txt,?          ,@
C:\Users\Banayaki\PycharmProjects\service\test\for_identify\896.txt,M          ,@
C:\Users\Banayaki\PycharmProjects\service\test\for_identify\897.txt,;          ,:
C:\Users\Banayaki\PycharmProjects\service\test\for_identify\898.txt,+          ,+
C:\Users\Banayaki\PycharmProjects\service\test\for_identify\899.txt,[          ,^
C:\Users\Banayaki\PycharmProjects\service\test\for_identify\9.txt  ,F          ,@
C:\Users\Banayaki\PycharmProjects\service\test\for_identify\90.txt ,1          ,1
C:\Users\Banayaki\PycharmProjects\service\test\for_identify\900.txt,*          ,+
C:\Users\Banayaki\PycharmProjects\service\test\for_identify\901.txt,v          ,@
C:\Users\Banayaki\PycharmProjects\service\test\for_identify\902.txt,m          ,@
C:\Users\Banayaki\PycharmProjects\service\test\for_identify\903.txt,E          ,@
C:\Users\Banayaki\PycharmProjects\service\test\for_identify\904.txt,0          ,0
C:\Users\Banayaki\PycharmProjects\service\test\for_identify\905.txt,k          ,@
C:\Users\Banayaki\PycharmProjects\service\test\for_identify\906.txt,d          ,^
C:\Users\Banayaki\PycharmProjects\service\test\for_identify\907.txt,$          ,$
C:\Users\Banayaki\PycharmProjects\service\test\for_identify\908.txt,9          ,9
C:\Users\Banayaki\PycharmProjects\service\test\for_identify\909.txt,H          ,@
C:\Users\Banayaki\PycharmProjects\service\test\for_identify\91.txt ,=          ,=
C:\Users\Banayaki\PycharmProjects\service\test\for_identify\910.txt,$          ,$
C:\Users\Banayaki\PycharmProjects\service\test\for_identify\911.txt,>          ,=
C:\Users\Banayaki\PycharmProjects\service\test\for_identify\912.txt,j          ,@
C:\Users\Banayaki\PycharmProjects\service\test\for_identify\913.txt,T          ,^
C:\Users\Banayaki\PycharmProjects\service\test\for_identify\914.txt,@          ,@
C:\Users\Banayaki\PycharmProjects\service\test\for_identify\915.txt,Y          ,^
C:\Users\Banayaki\PycharmProjects\service\test\for_identify\916.txt,A          ,@
C:\Users\Banayaki\PycharmProjects\service\test\for_identify\917.txt,4          ,4
C:\Users\Banayaki\PycharmProjects\service\test\for_identify\918.txt,X          ,^
C:\Users\Banayaki\PycharmProjects\service\test\for_identify\919.txt,D          ,@
C:\Users\Banayaki\PycharmProjects\service\test\for_identify\92.txt ,)          ,(
C:\Users\Banayaki\PycharmProjects\service\test\for_identify\920.txt,V          ,^
C:\Users\Banayaki\PycharmProjects\service\test\for_identify\921.txt,<          ,=
C:\Users\Banayaki\PycharmProjects\service\test\for_identify\922.txt,@          ,@
C:\Users\Banayaki\PycharmProjects\service\test\for_identify\923.txt,Z          ,^
C:\Users\Banayaki\PycharmProjects\service\test\for_identify\924.txt,&          ,$
C:\Users\Banayaki\PycharmProjects\service\test\for_identify\925.txt,<          ,=
C:\Users\Banayaki\PycharmProjects\service\test\for_identify\926.txt,>          ,=
C:\Users\Banayaki\PycharmProjects\service\test\for_identify\927.txt,x          ,@
C:\Users\Banayaki\PycharmProjects\service\test\for_identify\928.txt,:          ,:
C:\Users\Banayaki\PycharmProjects\service\test\for_identify\929.txt,=          ,=
C:\Users\Banayaki\PycharmProjects\service\test\for_identify\93.txt ,h          ,@
C:\Users\Banayaki\PycharmProjects\service\test\for_identify\930.txt,""""       ,!
C:\Users\Banayaki\PycharmProjects\service\test\for_identify\931.txt,(          ,(
C:\Users\Banayaki\PycharmProjects\service\test\for_identify\932.txt,h          ,@
C:\Users\Banayaki\PycharmProjects\service\test\for_identify\933.txt,|          ,@
C:\Users\Banayaki\PycharmProjects\service\test\for_identify\934.txt,}          ,~
C:\Users\Banayaki\PycharmProjects\service\test\for_identify\935.txt,}          ,~
C:\Users\Banayaki\PycharmProjects\service\test\for_identify\936.txt,7          ,7
C:\Users\Banayaki\PycharmProjects\service\test\for_identify\937.txt,","        ,+
C:\Users\Banayaki\PycharmProjects\service\test\for_identify\938.txt,i          ,@
C:\Users\Banayaki\PycharmProjects\service\test\for_identify\939.txt,T          ,^
C:\Users\Banayaki\PycharmProjects\service\test\for_identify\94.txt ,0          ,0
C:\Users\Banayaki\PycharmProjects\service\test\for_identify\940.txt,Y          ,^
C:\Users\Banayaki\PycharmProjects\service\test\for_identify\941.txt,$          ,$
C:\Users\Banayaki\PycharmProjects\service\test\for_identify\942.txt,_          ,^
C:\Users\Banayaki\PycharmProjects\service\test\for_identify\943.txt,l          ,@
C:\Users\Banayaki\PycharmProjects\service\test\for_identify\944.txt,&          ,$
C:\Users\Banayaki\PycharmProjects\service\test\for_identify\945.txt,(          ,(
C:\Users\Banayaki\PycharmProjects\service\test\for_identify\946.txt,]          ,^
C:\Users\Banayaki\PycharmProjects\service\test\for_identify\947.txt,G          ,@
C:\Users\Banayaki\PycharmProjects\service\test\for_identify\948.txt,4          ,4
C:\Users\Banayaki\PycharmProjects\service\test\for_identify\949.txt,/          ,.
C:\Users\Banayaki\PycharmProjects\service\test\for_identify\95.txt ,K          ,@
C:\Users\Banayaki\PycharmProjects\service\test\for_identify\950.txt,b          ,^
C:\Users\Banayaki\PycharmProjects\service\test\for_identify\951.txt,W          ,^
C:\Users\Banayaki\PycharmProjects\service\test\for_identify\952.txt,u          ,@
C:\Users\Banayaki\PycharmProjects\service\test\for_identify\953.txt,4          ,4
C:\Users\Banayaki\PycharmProjects\service\test\for_identify\954.txt,?          ,@
C:\Users\Banayaki\PycharmProjects\service\test\for_identify\955.txt,J          ,@
C:\Users\Banayaki\PycharmProjects\service\test\for_identify\956.txt,o          ,@
C:\Users\Banayaki\PycharmProjects\service\test\for_identify\957.txt,T          ,^
C:\Users\Banayaki\PycharmProjects\service\test\for_identify\958.txt,]          ,^
C:\Users\Banayaki\PycharmProjects\service\test\for_identify\959.txt,j          ,@
C:\Users\Banayaki\PycharmProjects\service\test\for_identify\96.txt ,a          ,^
C:\Users\Banayaki\PycharmProjects\service\test\for_identify\960.txt,Y          ,^
C:\Users\Banayaki\PycharmProjects\service\test\for_identify\961.txt,<          ,=
C:\Users\Banayaki\PycharmProjects\service\test\for_identify\962.txt,B          ,@
C:\Users\Banayaki\PycharmProjects\service\test\for_identify\963.txt,N          ,@
C:\Users\Banayaki\PycharmProjects\service\test\for_identify\964.txt,a          ,^
C:\Users\Banayaki\PycharmProjects\service\test\for_identify\965.txt,I          ,@
C:\Users\Banayaki\PycharmProjects\service\test\for_identify\966.txt,_          ,^
C:\Users\Banayaki\PycharmProjects\service\test\for_identify\967.txt,c          ,^
C:\Users\Banayaki\PycharmProjects\service\test\for_identify\968.txt,g          ,@
C:\Users\Banayaki\PycharmProjects\service\test\for_identify\969.txt,#          ,$
C:\Users\Banayaki\PycharmProjects\service\test\for_identify\97.txt ,""""       ,!
C:\Users\Banayaki\PycharmProjects\service\test\for_identify\970.txt,7          ,7
C:\Users\Banayaki\PycharmProjects\service\test\for_identify\971.txt,x          ,@
C:\Users\Banayaki\PycharmProjects\service\test\for_identify\972.txt,P          ,^
C:\Users\Banayaki\PycharmProjects\service\test\for_identify\973.txt,S          ,^
C:\Users\Banayaki\PycharmProjects\service\test\for_identify\974.txt,=          ,=
C:\Users\Banayaki\PycharmProjects\service\test\for_identify\975.txt,3          ,3
C:\Users\Banayaki\PycharmProjects\service\test\for_identify\976.txt,3          ,3
C:\Users\Banayaki\PycharmProjects\service\test\for_identify\977.txt,>          ,=
C:\Users\Banayaki\PycharmProjects\service\test\for_identify\978.txt,7          ,7
C:\Users\Banayaki\PycharmProjects\service\test\for_identify\979.txt,:          ,:
C:\Users\Banayaki\PycharmProjects\service\test\for_identify\98.txt ,y          ,@
C:\Users\Banayaki\PycharmProjects\service\test\for_identify\980.txt,!          ,!
C:\Users\Banayaki\PycharmProjects\service\test\for_identify\981.txt,s          ,@
C:\Users\Banayaki\PycharmProjects\service\test\for_identify\982.txt,8          ,8
C:\Users\Banayaki\PycharmProjects\service\test\for_identify\983.txt,i          ,@
C:\Users\Banayaki\PycharmProjects\service\test\for_identify\984.txt,","        ,+
C:\Users\Banayaki\PycharmProjects\service\test\for_identify\985.txt,&          ,$
C:\Users\Banayaki\PycharmProjects\service\test\for_identify\986.txt,[          ,^
C:\Users\Banayaki\PycharmProjects\service\test\for_identify\987.txt,>          ,=
C:\Users\Banayaki\PycharmProjects\service\test\for_identify\988.txt,Z          ,^
C:\Users\Banayaki\PycharmProjects\service\test\for_identify\989.txt,D          ,@
C:\Users\Banayaki\PycharmProjects\service\test\for_identify\99.txt ,_          ,^
C:\Users\Banayaki\PycharmProjects\service\test\for_identify\990.txt,:          ,:
C:\Users\Banayaki\PycharmProjects\service\test\for_identify\991.txt,y          ,@
C:\Users\Banayaki\PycharmProjects\service\test\for_identify\992.txt,S          ,^
C:\Users\Banayaki\PycharmProjects\service\test\for_identify\993.txt,b          ,^
C:\Users\Banayaki\PycharmProjects\service\test\for_identify\994.txt,x          ,@
C:\Users\Banayaki\PycharmProjects\service\test\for_identify\995.txt,i          ,@
C:\Users\Banayaki\PycharmProjects\service\test\for_identify\996.txt,2          ,2
C:\Users\Banayaki\PycharmProjects\service\test\for_identify\997.txt,)          ,(
C:\Users\Banayaki\PycharmProjects\service\test\for_identify\998.txt,\          ,^
C:\Users\Banayaki\PycharmProjects\service\test\for_identify\999.txt,U          ,^
